{
	"emerald": {
		"template": "uniform",
		"block": {"name": "minecraft:emerald_ore", "metadata": 0},
		"material": "minecraft:stone",
		"clusterSize": 5,
		"numClusters": 3,
		"minHeight": 0,
		"maxHeight": 128,
		"retrogen": "true",
		"biomeRestriction": "none",
		"biomes": [
			"all"
		],
		"dimensionRestriction": "blacklist",
		"dimensions": [
			-1,
			1
		]
	},
	"amberTC": {
		"template": "uniform",
		"block": {"name": "Thaumcraft:blockCustomOre", "metadata": 7},
		"material": "minecraft:stone",
		"clusterSize": 8,
		"numClusters": 5,
		"minHeight": 0,
		"maxHeight": 128,
		"retrogen": "true",
		"biomeRetriction": "none",
		"biomes": [
			"all"
		],
		"dimensionRestriction": "blacklist",
		"dimensions": [
			-1,
			1
		]
	},
	"cinnabar": {
		"template": "uniform",
		"block": {"name": "Thaumcraft:blockCustomOre", "metadata": 0},
		"material": "minecraft:stone",
		"clusterSize": 8,
		"numClusters": 10,
		"minHeight": 0,
		"maxHeight": 128,
		"retrogen": "true",
		"biomeRestriction": "none",
		"biomes": [
			"all"
		],
		"dimensionRestriction": "blacklist",
		"dimensions": [
			-1,
			1
		]
	},
	"infusedAer": {
		"template": "uniform",
		"block": [
			{"name": "Thaumcraft:blockCustomOre", "metadata": 1, "weight": 80},
			{"name": "Quadrum:poorAirOre", "metadata": 0, "weight": 20}
		],
		"material": "minecraft:stone",
		"clusterSize": 12,
		"numClusters": 10,
		"minHeight": 0,
		"maxHeight": 128,
		"retrogen": "true",
		"biomeRestriction": "none",
		"biomes": [
			"all"
		],
		"dimensionRestriction": "none",
		"dimensions": [
			-1,
			1
		]
	},
	"infusedIgnis": {
		"template": "uniform",
		"block": [
			{"name": "Thaumcraft:blockCustomOre", "metadata": 2, "weight": 80},
			{"name": "Quadrum:poorFireOre", "metadata": 0, "weight": 20}
		],
		"material": "minecraft:stone",
		"clusterSize": 12,
		"numClusters": 10,
		"minHeight": 0,
		"maxHeight": 128,
		"retrogen": "true",
		"biomeRestriction": "none",
		"biomes": [
			"all"
		],
		"dimensionRestriction": "none",
		"dimensions": [
			-1,
			1
		]
	},
	"infusedAqua": {
		"template": "uniform",
		"block": [
			{"name": "Thaumcraft:blockCustomOre", "metadata": 3, "weight": 80},
			{"name": "Quadrum:poorWaterOre", "metadata": 0, "weight": 20}
		],
		"material": "minecraft:stone",
		"clusterSize": 12,
		"numClusters": 10,
		"minHeight": 0,
		"maxHeight": 128,
		"retrogen": "true",
		"biomeRestriction": "none",
		"biomes": [
			"all"
		],
		"dimensionRestriction": "none",
		"dimensions": [
			-1,
			1
		]
	},
	"infusedTerra": {
		"template": "uniform",
		"block": [
			{"name": "Thaumcraft:blockCustomOre", "metadata": 4, "weight": 80},
			{"name": "Quadrum:poorEarthOre", "metadata": 0, "weight": 20}
		],
		"material": "minecraft:stone",
		"clusterSize": 12,
		"numClusters": 10,
		"minHeight": 0,
		"maxHeight": 128,
		"retrogen": "true",
		"biomeRestriction": "none",
		"biomes": [
			"all"
		],
		"dimensionRestriction": "none",
		"dimensions": [
			-1,
			1
		]
	},
	"infusedOrdo": {
		"template": "uniform",
		"block": [
			{"name": "Thaumcraft:blockCustomOre", "metadata": 5, "weight": 80},
			{"name": "Quadrum:poorOrderOre", "metadata": 0, "weight": 20}
		],
		"material": "minecraft:stone",
		"clusterSize": 12,
		"numClusters": 10,
		"minHeight": 0,
		"maxHeight": 128,
		"retrogen": "true",
		"biomeRestriction": "none",
		"biomes": [
			"all"
		],
		"dimensionRestriction": "none",
		"dimensions": [
			-1,
			1
		]
	},
	"infusedPerditio": {
		"template": "uniform",
		"block": [
			{"name": "Thaumcraft:blockCustomOre", "metadata": 6, "weight": 80},
			{"name": "Quadrum:poorEntropyOre", "metadata": 0, "weight": 20}
		],
		"material": "minecraft:stone",
		"clusterSize": 12,
		"numClusters": 10,
		"minHeight": 0,
		"maxHeight": 128,
		"retrogen": "true",
		"biomeRestriction": "none",
		"biomes": [
			"all"
		],
		"dimensionRestriction": "none",
		"dimensions": [
			-1,
			1
		]
	},
	"essenceOre": {
		"template": "uniform",
		"block": {"name": "magicalcrops:magicalcrops_EssenceOre", "metadata": 0},
		"material": "minecraft:stone",
		"clusterSize": 8,
		"numClusters": 10,
		"minHeight": 0,
		"maxHeight": 128,
		"retrogen": "true",
		"biomeRestriction": "none",
		"biomes": [
			"all"
		],
		"dimensionRestriction": "blacklist",
		"dimensions": [
			-1,
			1
		]
	},
	"essenceNether": {
		"template": "uniform",
		"block": {"name": "magicalcrops:magicalcrops_EssenceOreNether", "metadata": 0},
		"material": "minecraft:netherrack",
		"clusterSize": 8,
		"numClusters": 10,
		"minHeight": 0,
		"maxHeight": 128,
		"retrogen": "true",
		"biomeRestriction": "none",
		"biomes": [
			"all"
		],
		"dimensionRestriction": "blacklist",
		"dimensions": [
			0,
			1,
			7
		]
	}
}